id,title,content,author,category,created_at
1,Vue 3 入门指南,学习 Vue 3 的基础语法、组合式 API 和响应式系统,张三,前端,2024-01-15
2,TypeScript 最佳实践,TypeScript 的类型系统、泛型和高级特性详解,李四,前端,2024-01-20
3,NestJS 微服务架构,使用 NestJS 构建可扩展的微服务应用,王五,后端,2024-02-01
4,Docker 容器化部署,从零开始学习 Docker 和容器编排技术,赵六,运维,2024-02-10
5,React Hooks 深入理解,掌握 React Hooks 的使用场景和性能优化,张三,前端,2024-02-15
6,Node.js 性能优化,Node.js 应用的性能调优和内存管理技巧,李四,后端,2024-02-20
7,数据库设计原则,关系型数据库的设计规范和索引优化策略,王五,数据库,2024-03-01
8,GraphQL API 设计,GraphQL 查询语言和 API 设计最佳实践,赵六,后端,2024-03-10
9,前端工程化实践,Webpack、Vite 等构建工具的使用和优化,张三,前端,2024-03-15
10,Redis 缓存策略,Redis 的使用场景和缓存策略设计,李四,数据库,2024-03-20
11,微前端架构方案,Qiankun、Module Federation 等微前端解决方案,王五,前端,2024-04-01
12,CI/CD 自动化部署,使用 GitHub Actions 和 Jenkins 实现持续集成,赵六,运维,2024-04-10
13,WebSocket 实时通信,WebSocket 协议和实时应用开发实践,张三,后端,2024-04-15
14,移动端适配方案,响应式设计和移动端适配的最佳实践,李四,前端,2024-04-20
15,消息队列使用指南,RabbitMQ、Kafka 等消息队列的选型和实践,王五,后端,2024-05-01
16,前端安全防护,XSS、CSRF 等前端安全问题和防护措施,赵六,安全,2024-05-10
17,API 接口设计规范,RESTful API 的设计原则和版本管理策略,张三,后端,2024-05-15
18,前端测试框架,Jest、Vitest 等测试框架的使用和最佳实践,李四,测试,2024-05-20
19,服务端渲染 SSR,Next.js、Nuxt.js 等 SSR 框架的使用,王五,前端,2024-06-01
20,数据库事务处理,ACID 特性和事务隔离级别的深入理解,赵六,数据库,2024-06-10
21,前端状态管理,Redux、Pinia 等状态管理库的对比和使用,张三,前端,2024-06-15
22,容器编排 Kubernetes,Kubernetes 的基础概念和部署实践,李四,运维,2024-06-20
23,函数式编程思想,函数式编程的核心概念和 JavaScript 实践,王五,编程,2024-07-01
24,前端性能优化,页面加载优化、代码分割和懒加载策略,赵六,前端,2024-07-10
25,分布式系统设计,分布式系统的设计原则和一致性算法,张三,架构,2024-07-15
26,前端构建工具对比,Webpack、Rollup、Vite 等构建工具的对比分析,李四,前端,2024-07-20
27,数据库索引优化,MySQL、PostgreSQL 等数据库的索引优化技巧,王五,数据库,2024-08-01
28,前端组件库开发,如何设计和开发可复用的前端组件库,赵六,前端,2024-08-10
29,API 网关设计,API 网关的作用和常见实现方案,张三,架构,2024-08-15
30,前端代码规范,ESLint、Prettier 等代码规范工具的使用,李四,前端,2024-08-20
31,服务网格 Service Mesh,Istio、Linkerd 等服务网格技术的应用,王五,架构,2024-09-01
32,前端路由管理,Vue Router、React Router 等路由库的使用,赵六,前端,2024-09-10
33,数据库分库分表,大规模数据下的数据库分库分表策略,张三,数据库,2024-09-15
34,前端动画实现,CSS 动画和 JavaScript 动画的实现技巧,李四,前端,2024-09-20
35,分布式锁实现,Redis、Zookeeper 等分布式锁的实现方案,王五,后端,2024-10-01
36,前端国际化方案,vue-i18n、react-i18next 等国际化解决方案,赵六,前端,2024-10-10
37,API 限流策略,令牌桶、漏桶等限流算法的实现和应用,张三,后端,2024-10-15
38,前端错误监控,Sentry、Bugsnag 等错误监控工具的使用,李四,监控,2024-10-20
39,数据库读写分离,MySQL 主从复制和读写分离的实现,王五,数据库,2024-11-01
40,前端打包优化,代码压缩、Tree Shaking 和 Bundle 分析,赵六,前端,2024-11-10
41,服务发现与注册,Consul、Eureka 等服务发现组件的使用,张三,架构,2024-11-15
42,前端数据可视化,ECharts、D3.js 等数据可视化库的应用,李四,前端,2024-11-20
43,数据库连接池优化,数据库连接池的配置和性能调优,王五,数据库,2024-12-01
44,前端 SEO 优化,服务端渲染和 SEO 优化的最佳实践,赵六,前端,2024-12-10
45,分布式事务处理,两阶段提交、TCC 等分布式事务解决方案,张三,架构,2024-12-15
46,前端无障碍访问,ARIA 属性和无障碍访问的最佳实践,李四,前端,2024-12-20
47,数据库备份恢复,数据库备份策略和灾难恢复方案,王五,数据库,2024-12-25
48,前端 PWA 应用,Progressive Web App 的实现和离线功能,赵六,前端,2024-12-30
49,API 文档生成工具,Swagger、OpenAPI 等 API 文档工具的使用,张三,工具,2025-01-05
50,前端代码分割策略,动态导入和代码分割的最佳实践,李四,前端,2025-01-10
